City_ID,City,Lat,Lng,Max Temp,Humidity,Cloudiness,Wind Speed,Country,Date
0,lebu,-37.6167,-73.65,57.11,57,0,25.32,CL,1668967896
1,punta arenas,-53.15,-70.9167,53.71,50,40,32.21,CL,1668967896
2,sheltozero,61.3667,35.3667,22.95,81,4,6.58,RU,1668967896
3,damaturu,11.747,11.9608,79.75,23,11,9.91,NG,1668967897
4,ilo,-17.6394,-71.3375,66.65,77,80,3.87,PE,1668967897
5,solnechnyy,50.7214,136.6319,19.67,88,20,4.63,RU,1668967897
6,nome,64.5011,-165.4064,33.87,69,40,8.05,US,1668967898
7,qeshm,26.9581,56.2719,80.47,70,0,8.7,IR,1668967898
8,norman wells,65.282,-126.8329,20.88,92,82,10.92,CA,1668967352
9,port elizabeth,-33.918,25.5701,63.1,77,29,3.18,ZA,1668967898
10,mar del plata,-38.0023,-57.5575,65.08,94,100,14.97,AR,1668967899
11,hobart,-42.8794,147.3294,46.26,76,75,17.27,AU,1668967801
12,micheweni,-4.9667,39.8333,79.14,86,96,5.91,TZ,1668967899
13,labuhan,-6.8844,112.2051,79.95,82,77,6.93,ID,1668967378
14,yellowknife,62.456,-114.3525,14.23,93,67,6.02,CA,1668967651
15,urumqi,43.801,87.6005,25.75,100,100,2.24,CN,1668967899
16,fortuna,40.5982,-124.1573,53.94,88,0,8.05,US,1668967338
17,nikolskoye,59.7035,30.7861,24.69,96,93,4.92,RU,1668967900
18,mataura,-46.1927,168.8643,51.82,99,86,2.66,NZ,1668967900
19,aginskoye,51.1,114.53,1.45,91,11,4.09,RU,1668967900
20,senneterre,48.3835,-77.2328,12.61,72,100,12.44,CA,1668967336
21,daru,-9.0763,143.2092,77.97,87,88,3.31,PG,1668967417
22,sistranda,63.7256,8.834,30.16,58,6,16.6,NO,1668967901
23,port alfred,-33.5906,26.891,67.17,79,45,9.13,ZA,1668967901
24,praia,14.9215,-23.5087,79.34,61,40,23.02,CV,1668967309
25,ribeira grande,38.5167,-28.7,68.4,88,40,18.99,PT,1668967902
26,dobsice,48.8483,16.0822,35.74,89,94,7.47,CZ,1668967902
27,jardinopolis,-21.0178,-47.7639,90.82,31,40,4.61,BR,1668967902
28,diffa,13.3154,12.6113,78.37,18,100,6.82,NE,1668967351
29,hilo,19.7297,-155.09,74.62,94,75,4.61,US,1668967903
30,outjo,-20.1167,16.15,79.12,38,100,12.12,NA,1668967360
31,butaritari,3.0707,172.7902,80.22,80,15,12.5,KI,1668967903
32,kristiinankaupunki,62.2743,21.376,27.37,84,54,10.85,FI,1668967903
33,fairbanks,64.8378,-147.7164,17.6,87,100,2.39,US,1668967200
34,longyearbyen,78.2186,15.6401,35.44,80,75,14.97,SJ,1668967355
35,gat,31.61,34.7642,72.39,35,4,18.28,IL,1668967403
36,new norfolk,-42.7826,147.0587,45.91,71,85,10.0,AU,1668967904
37,la ronge,55.1001,-105.2842,23.25,54,75,9.22,CA,1668967904
38,rikitea,-23.1203,-134.9692,71.13,76,94,12.95,PF,1668967904
39,busselton,-33.65,115.3333,50.16,81,0,11.39,AU,1668967905
40,katangli,51.7102,143.2326,33.44,66,95,12.88,RU,1668967905
41,ancud,-41.8697,-73.8203,56.82,50,0,6.22,CL,1668967905
42,nioro,13.35,-15.75,84.81,20,77,3.78,GM,1668967379
43,hermanus,-34.4187,19.2345,62.8,74,2,7.74,ZA,1668967906
44,cocorit,27.5833,-109.9667,71.94,23,0,4.36,MX,1668967906
45,ushuaia,-54.8,-68.3,49.66,66,75,4.61,AR,1668967906
46,kaitangata,-46.2817,169.8464,51.21,98,48,0.49,NZ,1668967313
47,port lincoln,-34.7333,135.8667,53.44,60,94,22.73,AU,1668967378
48,kamaishi,39.2667,141.8833,53.55,92,100,4.29,JP,1668967907
49,drumheller,51.4617,-112.7101,35.44,63,92,0.0,CA,1668967907
50,halifax,44.6453,-63.5724,46.22,51,86,5.01,CA,1668967881
51,malakal,9.5334,31.6605,81.5,27,6,4.52,SS,1668967907
52,okhotsk,59.3833,143.3,17.11,95,100,10.98,RU,1668967340
53,marsa matruh,31.3525,27.2453,69.51,69,100,8.12,EG,1668967908
54,tazovskiy,67.4667,78.7,-21.06,99,81,6.2,RU,1668967404
55,bengkulu,-3.8004,102.2655,74.37,91,80,5.21,ID,1668967908
56,sao joao da barra,-21.6403,-41.0511,76.51,71,76,11.54,BR,1668967364
57,huilong,31.8111,121.655,60.58,88,85,5.48,CN,1668967908
58,castro,-24.7911,-50.0119,81.32,37,15,4.99,BR,1668967909
59,albany,42.6001,-73.9662,33.94,39,3,3.0,US,1668967909
60,kasongo,-4.45,26.6667,72.41,77,50,2.73,CD,1668967909
61,dolores,-36.3132,-57.6792,67.05,88,100,10.8,AR,1668967855
62,port blair,11.6667,92.75,79.84,79,99,5.21,IN,1668967337
63,samana,19.2056,-69.3369,86.22,74,40,4.61,DO,1668967910
64,avarua,-21.2078,-159.775,73.45,68,20,11.5,CK,1668967910
65,chuguyevka,44.1653,133.8633,30.9,98,94,1.16,RU,1668967910
66,homer,59.6425,-151.5483,37.8,78,100,4.0,US,1668967891
67,vaini,-21.2,-175.2,76.46,73,100,6.17,TO,1668967911
68,kruisfontein,-34.0033,24.7314,60.89,76,27,3.49,ZA,1668967911
69,bugene,-1.5911,31.1403,59.29,95,85,2.44,TZ,1668967911
70,biharamulo,-2.6319,31.3089,61.97,92,64,3.49,TZ,1668967912
71,viedma,-40.8135,-62.9967,69.8,25,39,16.35,AR,1668967425
72,malm,64.0721,11.2172,28.78,71,2,4.5,NO,1668967912
73,jining,35.405,116.5814,54.55,82,100,3.58,CN,1668967912
74,chistogorskiy,53.9835,87.3843,2.28,89,16,6.85,RU,1668967913
75,nianzishan,47.5167,122.8833,15.06,49,62,5.1,CN,1668967913
76,necochea,-38.5473,-58.7368,57.69,95,100,14.5,AR,1668967913
77,berovo,41.7031,22.8578,49.64,95,100,7.58,MK,1668967914
78,standerton,-26.9337,29.2415,62.62,49,0,8.57,ZA,1668967914
79,carnarvon,-24.8667,113.6333,69.4,66,0,18.5,AU,1668967338
80,vila velha,-20.3297,-40.2925,78.75,75,0,8.05,BR,1668967914
81,maniitsoq,65.4167,-52.9,23.68,76,100,8.39,GL,1668967915
82,voyvozh,62.892,54.9635,21.74,97,98,5.21,RU,1668967915
83,provideniya,64.3833,-173.3,21.09,91,100,11.34,RU,1668967317
84,ust-nera,64.5667,143.2,-12.84,99,100,4.21,RU,1668967915
85,atuona,-9.8,-139.0333,77.38,73,25,12.37,PF,1668967916
86,nalut,30.3333,10.85,53.56,37,30,8.61,LY,1668967916
87,zastron,-30.3023,27.084,62.24,17,9,6.6,ZA,1668967916
88,tabuny,52.7773,78.7896,7.48,77,18,8.52,RU,1668967917
89,calama,-22.4667,-68.9333,76.51,8,0,19.44,CL,1668967277
90,georgetown,5.4112,100.3354,82.24,83,20,0.0,MY,1668967297
91,saskylakh,71.9167,114.0833,-18.9,99,98,1.32,RU,1668967917
92,severo-kurilsk,50.6789,156.125,32.04,70,28,4.45,RU,1668967917
93,scarborough,54.2797,-0.4044,42.91,88,28,4.0,GB,1668967677
94,deputatskiy,69.3,139.9,-21.96,91,93,1.48,RU,1668967377
95,faanui,-16.4833,-151.75,78.48,76,100,18.77,PF,1668967918
96,bethel,41.3712,-73.414,37.0,38,40,19.57,US,1668967918
97,dentsville,34.064,-80.9582,50.05,36,0,4.61,US,1668967918
98,baykit,61.67,96.37,0.28,99,100,2.06,RU,1668967416
99,quatre cocos,-20.2078,57.7625,75.31,71,13,6.46,MU,1668967372
100,zhucheng,35.9947,119.3975,57.63,83,99,3.78,CN,1668967919
101,palmerston,-12.486,130.9833,78.78,90,100,4.61,AU,1668967919
102,cobija,-11.0267,-68.7692,92.46,44,93,2.39,BO,1668967919
103,edd,13.9297,41.6925,81.61,75,76,11.99,ER,1668967920
104,ilulissat,69.2167,-51.1,17.62,67,40,0.0,GL,1668967359
105,kushiro,42.975,144.3747,50.27,74,100,13.89,JP,1668967920
106,guerrero negro,27.9769,-114.0611,67.89,33,0,2.64,MX,1668967920
107,velizh,55.6056,31.1967,14.25,97,38,4.18,RU,1668967921
108,solntsevo,51.4185,36.7499,26.94,94,100,10.47,RU,1668967921
109,kavieng,-2.5744,150.7967,80.94,69,91,11.56,PG,1668967921
110,jamestown,42.097,-79.2353,23.72,76,100,14.97,US,1668967921
111,westport,41.1415,-73.3579,38.75,32,0,19.57,US,1668967922
112,vao,-22.6667,167.4833,73.67,78,81,8.86,NC,1668967422
113,mount gambier,-37.8333,140.7667,43.34,86,97,17.9,AU,1668967922
114,otradnoye,59.7775,30.8181,24.85,96,92,4.88,RU,1668967922
115,grindavik,63.8424,-22.4338,41.47,81,40,14.97,IS,1668967354
116,maxcanu,20.5833,-89.9833,81.64,79,69,4.38,MX,1668967923
117,hasaki,35.7333,140.8333,55.22,65,100,14.07,JP,1668967923
118,cayenne,4.9333,-52.3333,86.04,70,0,12.66,GF,1668967207
119,kapaa,22.0752,-159.319,77.32,81,40,17.27,US,1668967924
120,puerto ayacucho,5.6639,-67.6236,87.1,68,36,5.28,VE,1668967924
121,egvekinot,66.3167,-179.1667,-16.67,89,25,12.82,RU,1668967924
122,zhigansk,66.7697,123.3711,-19.32,100,99,6.91,RU,1668967373
123,airai,-8.9266,125.4092,61.45,92,100,1.92,TL,1668967925
124,lagoa,39.05,-27.9833,64.53,93,94,23.58,PT,1668967925
125,isangel,-19.55,169.2667,77.47,84,4,3.53,VU,1668967328
126,cabedelo,-6.9811,-34.8339,84.87,63,58,14.41,BR,1668967878
127,pevek,69.7008,170.3133,-24.95,97,100,9.53,RU,1668967344
128,rio grande,-32.035,-52.0986,76.35,63,100,16.02,BR,1668967346
129,nemuro,43.3236,145.575,50.09,71,100,18.66,JP,1668967362
130,hambantota,6.1241,81.1185,76.93,87,11,5.1,LK,1668967926
131,soyo,-6.1349,12.3689,77.85,82,51,7.78,AO,1668967346
132,east london,-33.0153,27.9116,65.93,74,39,8.43,ZA,1668967926
133,maralal,1.0968,36.698,61.32,77,95,7.27,KE,1668967927
134,mandera,3.9366,41.867,88.83,41,46,7.94,KE,1668967927
135,cabo san lucas,22.8909,-109.9124,81.61,61,20,8.05,MX,1668967747
136,helong,42.5397,128.9972,35.58,96,83,0.67,CN,1668967351
137,cidreira,-30.1811,-50.2056,74.44,70,48,20.76,BR,1668967356
138,dunedin,-45.8742,170.5036,55.8,92,60,1.01,NZ,1668967928
139,te anau,-45.4167,167.7167,49.84,94,49,1.88,NZ,1668967333
140,cape town,-33.9258,18.4232,67.12,61,1,13.0,ZA,1668967647
141,tuktoyaktuk,69.4541,-133.0374,19.4,100,100,12.66,CA,1668967928
142,dikson,73.5069,80.5464,-19.3,93,43,5.75,RU,1668967354
143,clyde river,70.4692,-68.5914,-10.97,84,0,8.05,CA,1668967928
144,saint george,37.1041,-113.5841,45.43,38,0,3.0,US,1668967929
145,puerto ayora,-0.7393,-90.3518,78.76,95,97,5.99,EC,1668967929
146,tiksi,71.6872,128.8694,-12.05,99,100,3.94,RU,1668967372
147,caravelas,-17.7125,-39.2481,75.34,86,100,4.83,BR,1668967930
148,archidona,37.0965,-4.3887,56.84,78,10,4.99,ES,1668967930
149,north platte,41.1239,-100.7654,50.07,22,0,10.36,US,1668967905
150,coos bay,43.3665,-124.2179,50.14,85,0,9.22,US,1668967930
151,constitucion,-35.3333,-72.4167,66.36,47,0,19.46,CL,1668967264
152,lompoc,34.6391,-120.4579,68.77,28,0,8.05,US,1668967931
153,leningradskiy,69.3833,178.4167,-24.63,97,38,5.64,RU,1668967361
154,luderitz,-26.6481,15.1594,65.21,71,100,17.43,NA,1668967931
155,surt,31.2089,16.5887,69.53,41,65,20.85,LY,1668967932
156,karpogory,64.0019,44.4451,25.54,94,100,6.02,RU,1668967932
157,saldanha,-33.0117,17.9442,62.13,81,17,24.18,ZA,1668967381
158,kyaikkami,16.08,97.5675,81.25,79,16,1.3,MM,1668967932
159,cuenca,-2.8833,-78.9833,73.53,43,75,6.91,EC,1668967933
160,chokurdakh,70.6333,147.9167,-31.72,100,98,5.48,RU,1668967933
161,muros,42.7762,-9.0603,61.09,90,96,8.77,ES,1668967352
162,tasiilaq,65.6145,-37.6368,37.56,84,100,15.64,GL,1668967933
163,aloleng,16.1307,119.7824,80.46,75,87,8.16,PH,1668967934
164,avera,33.194,-82.5271,46.54,31,100,7.63,US,1668967425
165,bredasdorp,-34.5322,20.0403,61.11,71,17,6.02,ZA,1668967934
166,college,64.8569,-147.8028,17.58,87,100,2.64,US,1668967361
167,salalah,17.0151,54.0924,76.73,68,91,2.46,OM,1668967363
168,port hedland,-20.3167,118.5667,80.38,41,99,11.39,AU,1668967935
169,srednekolymsk,67.45,153.6833,-31.99,100,48,5.14,RU,1668967394
170,mokhsogollokh,61.4681,128.9203,-25.92,100,77,3.62,RU,1668967935
171,kasaragod,12.5,75.0,70.9,80,65,3.94,IN,1668967935
172,omsukchan,62.5333,155.8,-13.72,79,15,2.39,RU,1668967936
173,palmer,42.1584,-72.3287,36.77,33,40,27.63,US,1668967936
174,lanzhou,36.0564,103.7922,38.73,31,96,1.5,CN,1668967936
175,talnakh,69.4865,88.3972,-12.8,94,96,4.29,RU,1668967937
176,grand gaube,-20.0064,57.6608,75.6,69,5,1.99,MU,1668967937
177,beihai,21.4833,109.1,75.11,85,38,10.74,CN,1668967937
178,sao miguel do araguaia,-13.275,-50.1628,89.47,41,91,6.64,BR,1668967937
179,siderno,38.2779,16.302,53.33,83,100,10.54,IT,1668967938
180,bluff,-46.6,168.3333,53.46,92,95,7.85,NZ,1668967938
181,inta,66.0317,60.1659,29.97,98,100,16.55,RU,1668967938
182,taoudenni,22.6783,-3.9836,78.96,10,0,11.99,ML,1668967939
183,komsomolskiy,40.4272,71.7189,39.92,87,19,4.61,UZ,1668967139
184,broome,42.2506,-75.833,30.02,59,100,11.5,US,1668967939
185,miri,4.4148,114.0089,78.31,87,100,5.14,MY,1668967939
186,thompson,55.7435,-97.8558,22.1,95,100,7.99,CA,1668967940
187,bichura,50.5881,107.6022,7.39,91,9,2.86,RU,1668967937
188,hofn,64.2539,-15.2082,44.62,85,100,5.53,IS,1668967940
189,portland,45.5234,-122.6762,43.97,59,0,11.5,US,1668967808
190,afyonkarahisar,38.75,30.6667,53.73,65,100,5.5,TR,1668967941
191,isagarh,24.8333,77.8833,60.37,49,0,3.67,IN,1668967941
192,ust-omchug,61.15,149.6333,-2.13,86,100,1.39,RU,1668967941
193,laramie,41.3114,-105.5911,38.77,37,0,8.05,US,1668967877
194,maxixe,-23.8597,35.3472,73.22,73,20,10.36,MZ,1668967942
195,puerto princesa,9.7392,118.7353,79.18,85,100,2.73,PH,1668967942
196,tessalit,20.1986,1.0114,77.36,12,15,9.24,ML,1668967942
197,tripoli,32.8752,13.1875,65.28,53,48,18.54,LY,1668967943
198,aklavik,68.2191,-135.0107,24.8,93,100,12.66,CA,1668967943
199,saint-philippe,-21.3585,55.7679,76.59,79,60,11.77,RE,1668967408
200,port huron,42.9709,-82.4249,25.21,58,75,17.27,US,1668967943
201,ugoofaaru,5.6667,73.0,80.28,81,98,15.82,MV,1668967944
202,namtsy,62.7161,129.6658,-29.61,99,35,3.49,RU,1668967944
203,rawson,-43.3002,-65.1023,61.03,49,1,15.46,AR,1668967855
204,faya,18.3851,42.4509,59.52,52,27,10.96,SA,1668967392
205,gambissara,13.2382,-14.3108,86.43,19,71,2.19,SN,1668967945
206,masvingo,-20.0637,30.8277,70.97,70,12,12.62,ZW,1668967945
207,xuchang,34.0167,113.8167,55.9,69,99,3.87,CN,1668967945
208,san quintin,30.4833,-115.95,67.8,26,0,5.93,MX,1668967946
209,dickinson,29.4608,-95.0513,56.07,58,0,10.36,US,1668967946
210,maraa,-1.8333,-65.3667,86.65,64,41,2.46,BR,1668967946
211,riyadh,24.6877,46.7219,64.54,34,14,10.31,SA,1668967947
212,fort nelson,58.8053,-122.7002,18.95,82,98,1.32,CA,1668967356
213,husavik,66.0449,-17.3389,42.44,82,97,15.41,IS,1668967947
214,djibo,14.1022,-1.6306,84.69,12,78,9.17,BF,1668967947
215,los llanos de aridane,28.6585,-17.9182,67.12,73,75,16.11,ES,1668967888
216,bandarbeyla,9.4942,50.8122,79.3,71,99,18.14,SO,1668967367
217,katsuura,35.1333,140.3,55.42,73,100,7.05,JP,1668967948
218,pasighat,28.0667,95.3333,59.88,40,7,4.14,IN,1668967700
219,codrington,-38.2667,141.9667,45.16,81,100,23.09,AU,1668967948
220,hue,16.4667,107.6,80.71,83,75,8.05,VN,1668967948
221,barrow,71.2906,-156.7887,24.82,74,100,14.97,US,1668967949
222,hithadhoo,-0.6,73.0833,80.98,77,6,8.28,MV,1668967949
223,da nang,16.0678,108.2208,80.58,78,75,6.91,VN,1668967949
224,dukat,62.55,155.55,-10.23,75,11,2.39,RU,1668967950
225,victoria,22.2855,114.1577,76.32,76,34,5.99,HK,1668967853
226,mocuba,-16.8392,36.9856,79.21,78,46,10.69,MZ,1668967950
227,pangody,65.85,74.4859,-6.45,95,100,10.85,RU,1668967950
228,benghazi,32.1167,20.0667,72.25,55,100,11.16,LY,1668967951
229,port macquarie,-31.4333,152.9167,60.89,52,88,6.26,AU,1668967951
230,laguna,38.421,-121.4238,62.64,55,0,5.75,US,1668967951
231,port-gentil,-0.7193,8.7815,76.96,88,40,2.3,GA,1668967287
232,sitka,57.0531,-135.33,48.09,71,100,8.05,US,1668967952
233,west bay,19.3667,-81.4167,87.08,71,20,11.5,KY,1668967408
234,alugan,12.2188,125.4808,79.93,86,100,9.55,PH,1668967952
235,san andres,12.5847,-81.7006,84.22,79,75,11.5,CO,1668967952
236,banyo,6.75,11.8167,73.02,39,45,2.21,CM,1668967953
237,yazman,29.1212,71.7446,67.68,27,37,5.77,PK,1668967953
238,trogir,43.5125,16.2517,53.65,71,75,11.5,HR,1668967953
239,tadine,-21.55,167.8833,74.7,86,69,5.08,NC,1668967954
240,cockburn town,21.4612,-71.1419,85.96,58,40,13.8,TC,1668967954
241,mitoc,48.1,27.0333,33.71,100,100,1.5,RO,1668967954
242,wladyslawowo,54.7909,18.4009,30.94,84,70,5.26,PL,1668967955
243,talakan,50.3167,130.3667,10.53,96,84,5.39,RU,1668967955
244,lata,40.1629,-8.3327,61.07,98,94,4.43,PT,1668967955
245,diamantino,-14.4086,-56.4461,92.55,39,45,3.38,BR,1668967956
246,camopi,3.1655,-52.3158,95.2,30,37,3.6,GF,1668967956
247,kokkola,63.8385,23.1307,22.93,88,0,3.44,FI,1668967956
248,san patricio,28.017,-97.5169,52.88,65,100,9.82,US,1668967956
249,katete,-0.7818,29.7544,61.25,98,57,3.85,UG,1668967957
250,samthar,25.85,78.9167,65.7,45,0,3.6,IN,1668967957
251,chapais,49.7834,-74.8492,13.78,91,100,13.0,CA,1668967957
252,pilar,-9.5972,-35.9567,84.13,53,78,11.61,BR,1668967788
253,oksfjord,70.2396,22.3479,24.98,40,0,3.04,NO,1668967405
254,kodiak,57.79,-152.4072,38.71,93,100,4.61,US,1668967958
255,qaanaaq,77.484,-69.3632,-8.01,56,8,1.16,GL,1668967958
256,sao filipe,14.8961,-24.4956,77.2,68,72,14.34,CV,1668967958
257,wangou,42.0623,126.9127,31.98,98,99,3.56,CN,1668967959
258,linxia,35.6003,103.2064,32.72,63,100,3.78,CN,1668967959
259,monrovia,6.3005,-10.7969,79.57,74,94,7.7,LR,1668967879
260,touros,-5.1989,-35.4608,83.3,64,54,16.82,BR,1668967959
261,upernavik,72.7868,-56.1549,13.5,94,100,13.31,GL,1668967960
262,santa barbara,34.7333,-120.0343,66.34,9,0,2.08,US,1668967400
263,baruun-urt,46.6806,113.2792,10.0,74,1,7.45,MN,1668967960
264,nuuk,64.1835,-51.7216,22.87,85,100,8.99,GL,1668967411
265,tayoltita,24.0833,-105.9333,78.48,38,0,5.95,MX,1668967960
266,eureka,40.8021,-124.1637,54.21,100,99,1.99,US,1668967918
267,kudahuvadhoo,2.6708,72.8944,81.75,75,42,15.12,MV,1668967961
268,barrhead,55.7992,-4.3929,42.66,89,100,3.44,GB,1668967961
269,jiayuguan,39.8167,98.3,31.98,31,100,1.95,CN,1668967961
270,mahebourg,-20.4081,57.7,75.49,73,40,8.05,MU,1668967962
271,aripuana,-9.1667,-60.6333,90.68,48,69,1.92,BR,1668967962
272,harper,4.375,-7.7169,77.9,85,96,5.3,LR,1668967760
273,bangassou,4.7413,22.8184,72.43,55,59,2.57,CF,1668967962
274,bintulu,3.1667,113.0333,77.0,90,81,5.66,MY,1668967963
275,batemans bay,-35.7167,150.1833,62.1,60,0,16.13,AU,1668967963
276,marsh harbour,26.5412,-77.0636,77.63,77,47,16.78,BS,1668967963
277,mago,53.2514,140.1822,15.01,99,93,1.16,RU,1668967964
278,torbay,47.6666,-52.7314,39.58,82,100,18.41,CA,1668967964
279,sabang,5.8933,95.3214,81.61,77,100,17.43,ID,1668967964
280,ponta do sol,32.6667,-17.1,68.72,71,64,3.67,PT,1668967719
281,amga,60.8953,131.9608,-13.52,98,99,2.53,RU,1668967965
282,akdepe,42.0551,59.3788,50.94,50,56,9.06,TM,1668967965
283,port hardy,50.6996,-127.4199,44.19,62,100,8.19,CA,1668967231
284,babushkin,51.7122,105.8647,20.1,68,14,9.93,RU,1668967965
285,nizhnyaya tavda,57.6731,66.1725,13.95,96,98,3.83,RU,1668967966
286,lavrentiya,65.5833,-171.0,17.49,88,100,13.62,RU,1668967939
287,taltal,-25.4,-70.4833,65.7,72,25,5.46,CL,1668967966
288,mitsamiouli,-11.3847,43.2844,78.01,79,4,11.88,KM,1668967966
289,sao goncalo do sapucai,-21.8922,-45.5953,78.4,51,39,3.15,BR,1668967967
290,tuatapere,-46.1333,167.6833,51.82,96,45,4.7,NZ,1668967967
291,adrar,20.5022,-10.0711,77.11,12,0,7.78,MR,1668967967
292,uchiza,-8.4592,-76.4633,94.03,40,83,3.78,PE,1668967967
293,balkanabat,39.5108,54.3671,58.77,54,28,3.33,TM,1668967968
294,lasa,46.6166,10.7002,33.03,76,37,2.93,IT,1668967387
295,khatanga,71.9667,102.5,-32.03,100,91,4.05,RU,1668967968
296,kabelvag,68.2114,14.4817,32.0,86,0,6.91,NO,1668967969
297,sorong,-0.8833,131.25,76.86,88,93,5.28,ID,1668967969
298,namatanai,-3.6667,152.4333,78.39,78,43,7.23,PG,1668967969
299,vardo,70.3705,31.1107,35.58,80,100,6.91,NO,1668967969
300,muroto,33.2833,134.15,66.38,73,99,8.08,JP,1668967970
301,oktyabrskoye,43.0645,44.7417,44.74,87,67,8.95,RU,1668967970
302,jacareacanga,-6.2222,-57.7528,88.54,53,45,1.74,BR,1668967971
303,kushmurun,52.4503,64.6311,4.71,95,14,1.59,KZ,1668967430
304,tarauaca,-8.1614,-70.7656,96.24,40,34,4.16,BR,1668967971
305,waddan,29.1614,16.139,67.33,29,68,8.21,LY,1668967971
306,quebo,11.3333,-14.9333,80.62,41,31,5.68,GW,1668967971
307,chicama,-7.8447,-79.1469,68.54,56,43,10.02,PE,1668967972
308,xining,36.6167,101.7667,28.27,44,88,1.36,CN,1668967972
309,port said,31.2565,32.2841,74.03,59,34,17.02,EG,1668967972
310,raymond,43.9015,-70.4703,38.01,49,22,15.41,US,1668967973
311,nova ushytsya,48.8372,27.2743,32.25,99,100,3.11,UA,1668967973
312,aborlan,9.4352,118.5492,78.58,88,99,1.45,PH,1668967973
313,nokaneng,-19.6667,22.2667,93.25,15,36,5.41,BW,1668967973
314,vershino-darasunskiy,52.35,115.5167,-3.51,88,8,3.42,RU,1668967974
315,troitsko-pechorsk,62.7084,56.1964,23.85,95,100,5.82,RU,1668967974
316,bonfim,3.0833,-59.95,86.43,57,61,5.06,BR,1668967974
317,wamba,8.9333,8.6,81.52,28,17,1.97,NG,1668967763
318,roald,62.5833,6.1333,37.76,60,0,9.22,NO,1668967975
319,half moon bay,37.4636,-122.4286,60.62,55,20,5.75,US,1668967975
320,beloha,-25.1667,45.05,71.06,85,100,13.56,MG,1668967976
321,ixtapa,20.7,-105.2,78.22,65,75,3.44,MX,1668967976
322,abu dhabi,24.4667,54.3667,80.71,68,20,11.5,AE,1668967976
323,ahipara,-35.1667,173.1667,61.48,91,98,10.8,NZ,1668967976
324,lovozero,68.005,35.0117,16.11,87,8,1.9,RU,1668967977
325,hit,33.6416,42.8251,64.85,50,0,10.45,IQ,1668967977
326,parrita,9.5201,-84.3225,81.86,77,38,4.43,CR,1668967977
327,ponta delgada,37.7333,-25.6667,67.5,82,75,16.11,PT,1668967978
328,korla,41.7597,86.1469,36.75,37,60,3.22,CN,1668967392
329,santa rosa,14.3122,121.1114,81.09,92,98,7.61,PH,1668967797
330,lorengau,-2.0226,147.2712,81.88,72,88,9.15,PG,1668967978
331,sioux lookout,50.1001,-91.917,17.67,79,100,12.66,CA,1668967978
332,baripada,21.935,86.7214,69.13,51,66,5.73,IN,1668967979
333,pingliang,35.5392,106.6861,39.27,45,98,6.29,CN,1668967979
334,sao domingos,-13.3983,-46.3183,81.63,53,95,5.08,BR,1668967705
335,padang,-0.9492,100.3543,76.08,87,94,3.85,ID,1668967979
336,esperance,-33.8667,121.9,55.63,64,100,8.81,AU,1668967403
337,sobolevo,54.4299,31.8996,17.53,94,100,6.11,RU,1668967980
338,luganville,-15.5333,167.1667,78.46,86,38,4.5,VU,1668967980
339,alappuzha,9.49,76.3264,77.0,74,100,4.07,IN,1668967981
340,wembley,-31.9333,115.8,61.0,67,0,24.16,AU,1668967753
341,olafsvik,64.8945,-23.7142,43.38,79,69,16.51,IS,1668967981
342,lajas,18.05,-67.0593,86.36,73,14,15.99,PR,1668967981
343,kurumkan,54.3,110.3,-2.45,89,22,3.27,RU,1668967981
344,gornyye klyuchi,45.25,133.5,28.36,98,100,0.85,RU,1668967982
345,muriwai beach,-36.8167,174.45,62.76,97,81,11.25,NZ,1668967891
346,inyonga,-6.7167,32.0667,68.13,79,94,3.83,TZ,1668967982
347,san jose,37.3394,-121.895,63.25,53,0,1.01,US,1668967186
348,conceicao das alagoas,-19.9147,-48.3883,92.16,27,50,2.75,BR,1668967983
349,dholka,22.7167,72.4667,71.98,34,0,4.92,IN,1668967983
350,iqaluit,63.7506,-68.5145,6.53,72,75,2.3,CA,1668967983
351,candido mendes,-1.4467,-45.7167,86.58,57,66,6.17,BR,1668967983
352,trairi,-3.2778,-39.2689,85.17,62,35,15.59,BR,1668967952
353,chalus,36.655,51.4204,51.26,87,0,0.0,IR,1668967984
354,kabompo,-13.5927,24.2008,76.89,48,80,7.43,ZM,1668967984
355,porto recanati,43.4365,13.6613,55.98,38,98,21.94,IT,1668967985
356,ouadda,8.0777,22.4007,73.62,33,85,4.83,CF,1668967985
357,abha,18.2164,42.5053,59.25,36,20,14.97,SA,1668967832
358,talant,47.3369,5.0089,45.41,93,100,8.05,FR,1668967985
359,oconomowoc,43.1117,-88.4993,26.47,62,100,8.05,US,1668967985
360,fasa,28.9383,53.6482,56.44,51,20,0.0,IR,1668967986
361,nizhniy kuranakh,58.8353,125.4869,-13.86,100,98,0.78,RU,1668967986
362,merauke,-8.4667,140.3333,78.44,89,100,5.75,ID,1668967986
363,saurimo,-9.6608,20.3916,69.35,83,83,2.73,AO,1668967404
364,mugumu,-1.85,34.7,63.41,77,91,3.78,TZ,1668967987
365,gejiu,23.306,103.1635,52.0,97,59,5.55,CN,1668967987
366,arraial do cabo,-22.9661,-42.0278,78.66,69,40,9.22,BR,1668967919
367,hobyo,5.3505,48.5268,81.43,74,36,13.33,SO,1668967988
368,felanitx,39.4696,3.1483,59.52,70,18,10.02,ES,1668967988
369,mizdah,31.4451,12.9801,52.54,38,27,8.99,LY,1668967399
370,thinadhoo,0.5333,72.9333,80.73,78,4,9.42,MV,1668967422
371,weatherford,32.7593,-97.7972,51.46,40,17,6.33,US,1668967988
372,vrangel,42.7297,133.0839,45.5,89,100,3.85,RU,1668967989
373,awjilah,29.1081,21.2869,70.23,20,96,9.26,LY,1668967989
374,la rioja,42.25,-2.5,46.18,79,99,4.0,ES,1668967989
375,bayan,46.0833,127.4,20.34,66,51,5.12,CN,1668967990
376,paamiut,61.994,-49.6678,25.99,85,100,18.95,GL,1668967990
377,arica,-18.475,-70.3042,80.15,56,0,14.97,CL,1668967990
378,dryden,49.7833,-92.7503,17.89,79,100,11.5,CA,1668967991
379,severodvinsk,64.5635,39.8302,24.91,89,89,6.06,RU,1668967991
380,qaqortoq,60.7167,-46.0333,22.03,87,100,1.7,GL,1668967991
381,souillac,-20.5167,57.5167,75.58,73,40,8.05,MU,1668967992
382,bundaberg,-24.85,152.35,75.22,95,70,1.99,AU,1668967992
383,chuy,-33.6971,-53.4616,81.48,55,32,11.21,UY,1668967992
384,north bend,43.4065,-124.2243,50.07,84,0,9.22,US,1668967992
385,nishihara,26.1842,127.7558,74.48,78,20,17.27,JP,1668967993
386,kushima,31.4583,131.2333,57.83,90,22,1.63,JP,1668967993
387,mamallapuram,12.6264,80.1722,77.05,69,99,15.57,IN,1668967770
388,vredendal,-31.6683,18.5012,67.19,53,47,18.3,ZA,1668967993
389,mujiayingzi,42.1167,118.7833,31.03,65,56,2.93,CN,1668967994
390,worthington,40.0931,-83.018,29.53,47,0,12.66,US,1668967994
391,margate,51.3813,1.3862,46.69,82,21,4.0,GB,1668967994
392,bubaque,11.2833,-15.8333,81.7,39,44,6.13,GW,1668967995
393,middelburg,-25.7751,29.4648,65.25,60,2,11.86,ZA,1668967971
394,hecun,36.5333,114.1111,53.15,79,100,2.93,CN,1668967995
395,bambous virieux,-20.3428,57.7575,75.45,73,40,8.05,MU,1668967996
396,asau,46.4333,26.4,33.28,100,100,2.48,RO,1668967996
397,sa kaeo,13.75,102.3333,73.13,97,100,4.81,TH,1668967996
398,iracoubo,5.4802,-53.2011,83.57,69,42,12.82,GF,1668967996
399,khani,41.9563,42.9566,47.77,63,60,6.2,GE,1668967997
400,arman,59.7,150.1667,9.48,77,100,6.24,RU,1668967997
401,juneau,58.3019,-134.4197,41.22,100,100,14.97,US,1668967879
402,timon,-5.0942,-42.8367,85.78,62,20,6.91,BR,1668967998
403,hervey bay,-25.2986,152.8535,72.9,86,56,9.33,AU,1668967998
404,kirkland lake,48.1446,-80.0377,11.57,64,100,12.19,CA,1668967998
405,gifhorn,52.4833,10.55,33.49,83,75,0.0,DE,1668967999
406,pisco,-13.7,-76.2167,68.02,77,61,11.5,PE,1668967999
407,kalmunai,7.4167,81.8167,74.52,85,8,10.09,LK,1668967999
408,sola,-13.8833,167.55,81.95,75,39,9.71,VU,1668967999
409,fort dodge,42.4975,-94.168,38.53,48,0,14.97,US,1668968000
410,bathsheba,13.2167,-59.5167,86.61,70,20,20.71,BB,1668968000
411,zhanakorgan,43.9098,67.2495,42.13,56,56,6.06,KZ,1668968001
412,evensk,61.95,159.2333,-8.14,77,5,6.93,RU,1668968001
413,manyana,-23.4,21.7167,85.78,16,90,7.76,BW,1668968001
414,tezu,27.9167,96.1667,60.4,27,43,4.85,IN,1668968001
415,volovo,48.5246,23.5056,35.8,93,100,2.62,UA,1668968002
416,dingle,10.9995,122.6711,75.76,92,96,4.97,PH,1668968002
417,novochernorechenskiy,56.2669,91.0828,6.6,81,100,12.39,RU,1668968002
418,vila franca do campo,37.7167,-25.4333,67.19,90,99,13.02,PT,1668968003
419,kargasok,59.0556,80.8572,-11.74,97,90,9.31,RU,1668967798
420,alcaudete,37.5909,-4.0824,54.16,79,5,2.33,ES,1668968003
421,bitung,1.4451,125.1824,77.85,84,100,2.57,ID,1668968003
422,christchurch,-43.5333,172.6333,58.91,92,100,5.75,NZ,1668968004
423,sumbawanga,-7.9667,31.6167,61.23,79,58,2.59,TZ,1668968004
424,darab,28.7519,54.5444,67.41,39,59,7.07,IR,1668968004
425,islamkot,24.6997,70.177,72.63,40,2,1.05,PK,1668968005
426,kupang,-10.1667,123.5833,79.32,82,100,3.76,ID,1668968005
427,darhan,49.4867,105.9228,9.05,85,10,5.64,MN,1668967875
428,haines junction,60.7522,-137.5108,25.02,97,100,3.06,CA,1668967422
429,amahai,-3.3333,128.9167,78.35,86,100,5.14,ID,1668968006
430,sandviken,60.6167,16.7667,32.56,95,100,10.63,SE,1668968006
431,klaksvik,62.2266,-6.589,45.52,88,100,31.72,FO,1668968006
432,sakakah,29.9697,40.2064,63.97,50,0,7.02,SA,1668968007
433,magugu,-4.0167,35.7667,68.67,72,99,1.05,TZ,1668968007
434,malpe,13.35,74.7167,76.3,70,67,4.97,IN,1668968007
435,gobabis,-22.45,18.9667,84.25,22,98,7.45,NA,1668967801
436,kahului,20.8947,-156.47,78.84,75,20,9.22,US,1668968008
437,linqiong,30.4159,103.4609,58.84,75,100,3.31,CN,1668968008
438,alofi,-19.0595,-169.9187,75.09,94,76,9.22,NU,1668968008
439,suntar,62.1444,117.6319,-20.25,100,64,2.86,RU,1668968009
440,teguldet,57.3064,88.1667,7.74,92,100,9.93,RU,1668968009
441,flinders,-34.5833,150.8552,65.37,49,35,8.01,AU,1668967432
442,goulburn,-34.75,149.7167,48.65,68,84,15.9,AU,1668968009
443,campbell river,50.0163,-125.2446,40.53,100,100,2.3,CA,1668968010
444,batagay-alyta,67.8006,130.4114,-18.98,97,96,4.16,RU,1668967419
445,high level,58.5169,-117.136,23.45,68,100,5.12,CA,1668967809
446,nanakuli,21.3906,-158.1547,78.75,58,0,11.5,US,1668968010
447,ferrol,43.4832,-8.2369,60.71,88,98,4.52,ES,1668968010
448,tamluk,22.3,87.9167,70.12,48,73,7.4,IN,1668968011
449,sorland,67.667,12.6934,44.46,58,0,8.75,NO,1668967414
450,ploemeur,47.7333,-3.4333,55.81,81,0,6.91,FR,1668968011
451,zapolyarnyy,69.4154,30.8136,9.68,89,6,3.18,RU,1668968011
452,kailua,21.4022,-157.7394,78.78,76,21,5.01,US,1668967739
453,shestakovo,56.4915,103.96,8.53,98,86,3.76,RU,1668968012
454,alice springs,-23.7,133.8833,63.95,63,91,4.61,AU,1668968012
455,alta floresta,-9.8756,-56.0861,91.22,49,40,3.44,BR,1668968012
456,bejar,40.3864,-5.7634,50.58,96,73,5.95,ES,1668968013
457,porto novo,6.4965,2.6036,80.58,80,87,9.8,BJ,1668968013
458,ambilobe,-13.2,49.05,77.36,79,53,0.51,MG,1668968013
459,yinchuan,38.4681,106.2731,40.51,33,100,5.86,CN,1668968013
460,kenai,60.5544,-151.2583,36.14,79,100,6.91,US,1668968014
461,puerto leguizamo,-0.1934,-74.7819,80.69,89,56,3.94,CO,1668968014
462,itarema,-2.9248,-39.9167,85.28,62,44,18.23,BR,1668968014
463,pietarsaari,63.65,22.6833,22.89,81,6,8.63,FI,1668968015
464,saint-georges,12.0564,-61.7485,85.68,74,20,18.41,GD,1668968015
465,rio brilhante,-21.8019,-54.5464,98.51,22,24,6.51,BR,1668968015
466,rio gallegos,-51.6226,-69.2181,64.45,20,75,26.46,AR,1668968016
467,samarai,-10.6167,150.6667,83.08,78,35,12.28,PG,1668968016
468,cam ranh,11.9214,109.1591,75.16,94,40,4.61,VN,1668968016
469,valpoi,15.5305,74.1356,72.97,45,27,4.97,IN,1668968017
470,freeport,40.6576,-73.5832,38.97,33,0,20.71,US,1668968017
471,luanda,-8.8368,13.2343,77.92,78,7,12.91,AO,1668967831
472,mount isa,-20.7333,139.5,78.57,24,100,8.05,AU,1668968017
473,yar-sale,66.8333,70.8333,2.93,96,100,16.22,RU,1668968017
474,makakilo city,21.3469,-158.0858,77.32,65,0,11.5,US,1668968018
475,bogande,12.9714,-0.1436,84.63,16,24,9.62,BF,1668968018
476,khomeyn,33.6423,50.0789,47.08,40,0,3.22,IR,1668968019
477,soller,39.7662,2.7152,60.42,69,51,1.99,ES,1668968019
478,nanortalik,60.1432,-45.2371,29.17,84,100,12.01,GL,1668968019
479,shanghai,31.2222,121.4581,61.93,81,75,3.0,CN,1668967948
480,calvinia,-31.4707,19.776,73.15,17,92,7.16,ZA,1668968019
481,moron,-34.6534,-58.6198,82.96,56,0,18.41,AR,1668968020
482,stornoway,58.2093,-6.3865,40.96,89,68,3.44,GB,1668967426
483,ulladulla,-35.35,150.4667,59.38,54,9,18.45,AU,1668968020
484,yaan,7.3833,8.5667,84.97,27,71,3.85,NG,1668968020
485,panalingaan,8.7842,117.4231,78.13,84,97,3.8,PH,1668968021
486,bongandanga,1.5,21.05,72.14,89,83,2.53,CD,1668968021
487,geraldton,-28.7667,114.6,55.81,82,1,9.22,AU,1668968022
488,labytnangi,66.6572,66.4183,3.11,98,98,5.86,RU,1668968022
489,richards bay,-28.783,32.0377,65.41,71,38,5.64,ZA,1668968022
490,turayf,31.6725,38.6637,55.65,67,0,4.61,SA,1668968022
491,sur,22.5667,59.5289,77.07,63,0,3.56,OM,1668968023
492,thunder bay,48.4001,-89.3168,16.66,68,64,7.0,CA,1668967871
493,skibbereen,51.55,-9.2667,50.11,83,72,10.58,IE,1668968023
494,peniche,39.3558,-9.3811,62.29,95,81,13.33,PT,1668968023
495,oussouye,12.485,-16.5469,86.09,32,96,5.32,SN,1668968024
496,lomita,33.7922,-118.3151,74.7,18,0,6.91,US,1668968024
497,coquimbo,-29.9533,-71.3436,64.13,72,20,13.8,CL,1668968024
498,abong mbang,3.9833,13.1833,73.4,60,87,2.91,CM,1668968025
499,comodoro rivadavia,-45.8667,-67.5,62.46,29,0,16.11,AR,1668967801
500,tommot,58.9564,126.2925,-12.23,100,98,2.17,RU,1668968025
501,fukue,32.6881,128.8419,64.15,73,58,15.57,JP,1668968025
502,maloy,61.9353,5.1136,33.53,44,100,4.99,NO,1668968026
503,pafos,34.7667,32.4167,62.38,67,0,9.22,CY,1668968024
504,chiang khong,20.2613,100.4046,69.12,99,86,0.96,TH,1668968026
505,omboue,-1.5746,9.2618,75.94,90,100,6.17,GA,1668968026
506,brae,60.3964,-1.353,45.36,68,100,26.44,GB,1668968027
507,aksu,41.1231,80.2644,35.85,39,8,1.07,CN,1668968027
508,lufilufi,-13.8745,-171.5986,76.78,79,20,13.13,WS,1668968027
509,kampot,10.6167,104.1833,75.25,91,100,7.07,KH,1668968028
510,itaituba,-4.2761,-55.9836,93.36,52,40,9.22,BR,1668968028
511,anadyr,64.75,177.4833,-12.5,77,0,13.42,RU,1668968028
512,yarada,17.65,83.2667,79.12,61,75,3.44,IN,1668968028
513,boli,45.7667,130.5167,24.94,62,100,3.65,CN,1668968029
514,rocha,-34.4833,-54.3333,89.26,41,65,11.45,UY,1668967766
515,bilibino,68.0546,166.4372,-22.04,100,100,2.75,RU,1668968029
516,nantucket,41.2835,-70.0995,39.99,42,98,29.71,US,1668968029
517,saint anthony,45.0205,-93.218,28.94,60,0,12.66,US,1668968030
518,yeppoon,-23.1333,150.7333,76.78,94,95,4.18,AU,1668968030
519,akhmeta,42.0311,45.2075,57.72,59,50,1.1,GE,1668968030
520,beeville,28.4008,-97.7483,50.18,50,100,11.5,US,1668968031
521,tura,25.5198,90.2201,60.6,73,22,2.91,IN,1668968031
522,cherskiy,68.75,161.3,-13.58,98,100,8.1,RU,1668968031
523,payo,-3.7508,103.6372,72.61,87,76,1.7,ID,1668968032
524,safford,32.834,-109.7076,51.12,43,0,13.8,US,1668968032
525,churapcha,62.0025,132.4325,-31.23,100,31,3.58,RU,1668967937
526,akcaabat,41.0212,39.5715,64.27,59,0,2.3,TR,1668968032
527,flin flon,54.7682,-101.865,19.24,79,100,10.36,CA,1668968032
528,puerto narino,-3.7703,-70.3831,91.92,50,62,3.67,CO,1668968033
529,chihuahua,28.5,-106.0,40.03,74,100,3.85,MX,1668968033
530,prince rupert,54.3161,-130.3201,42.89,93,100,9.22,CA,1668967773
531,sungairaya,0.7,108.9,77.9,89,85,3.33,ID,1668968033
532,acarau,-2.8856,-40.12,85.93,61,50,19.35,BR,1668968034
533,tonder,54.9331,8.8667,33.75,87,31,6.29,DK,1668968034
534,kisangani,0.5167,25.2,73.11,84,71,1.95,CD,1668968034
535,cachoeiras de macacu,-22.4625,-42.6531,84.18,57,48,3.24,BR,1668968035
536,anicuns,-16.4611,-49.9617,84.92,39,39,6.35,BR,1668968035
537,bethanien,-26.502,17.1583,87.44,12,95,19.69,NA,1668968035
538,rusape,-18.5278,32.1284,69.87,66,6,12.24,ZW,1668968036
539,atambua,-9.1061,124.8925,74.32,87,100,1.39,ID,1668968036
540,aguimes,27.9054,-15.4461,69.66,68,40,26.46,ES,1668968036
541,itoman,26.1247,127.6694,75.22,78,20,17.27,JP,1668968036
542,udachnyy,66.4167,112.4,-25.74,99,92,3.83,RU,1668968037
543,zaraza,9.3503,-65.3245,84.42,68,81,2.3,VE,1668968037
544,turukhansk,65.8167,87.9833,-6.27,92,100,5.7,RU,1668968037
545,mapiripan,2.8892,-72.1256,84.9,73,52,7.25,CO,1668968038
546,three hills,51.7001,-113.2686,30.27,64,92,10.36,CA,1668968038
547,noyakert,39.8312,44.669,48.54,56,6,4.59,AM,1668968038
548,sisimiut,66.9395,-53.6735,23.36,91,100,16.33,GL,1668968038
549,el paso,31.8001,-106.2005,45.66,56,75,0.0,US,1668967761
550,luwingu,-10.2621,29.9271,70.88,65,92,5.17,ZM,1668968039
551,saint-francois,46.4154,3.9054,45.84,87,100,9.22,FR,1668967769
552,new philadelphia,40.4898,-81.4457,28.85,53,20,11.01,US,1668968039
553,pitimbu,-7.4706,-34.8086,84.79,61,41,12.39,BR,1668968040
554,shush,32.1942,48.2436,67.62,38,0,6.93,IR,1668968040
555,buta,2.7858,24.73,73.53,78,75,2.39,CD,1668968040
556,dzerzhinsk,56.2389,43.4631,19.22,79,100,4.47,RU,1668968040
557,mandalay,21.9747,96.0836,70.47,57,2,0.63,MM,1668968041
558,nizwa,22.9333,57.5333,74.37,43,0,9.46,OM,1668968041
559,aviles,43.5547,-5.9248,57.76,78,40,3.44,ES,1668968041
560,mayo,38.8876,-76.5119,39.22,33,0,8.99,US,1668968042
561,ayan,56.45,138.1667,27.63,94,100,14.05,RU,1668968042
562,hualmay,-11.0964,-77.6139,69.21,72,100,7.9,PE,1668968043
563,saint-augustin,51.226,-58.6502,20.57,82,94,9.26,CA,1668968043
564,tocopilla,-22.092,-70.1979,69.19,69,10,6.67,CL,1668968043
565,macklin,52.3334,-109.9348,34.14,81,85,9.33,CA,1668968044
566,vestmanna,62.1564,-7.1664,43.72,87,75,14.97,FO,1668968044
567,pangnirtung,66.1451,-65.7125,8.6,40,20,8.05,CA,1668968044
568,manakara,-22.1333,48.0167,75.83,86,33,5.08,MG,1668968044
569,rafaela,-31.2503,-61.4867,88.0,39,100,8.99,AR,1668967815
570,kizner,56.2749,51.508,16.75,86,25,3.11,RU,1668968045
571,markova,48.6758,24.4138,34.65,99,100,0.85,UA,1668968045
572,waidhofen,48.5833,11.3333,41.52,90,75,4.61,DE,1668968046
573,xinmin,41.9908,122.8253,33.03,96,100,6.49,CN,1668968046
574,pelym,61.0108,61.9978,9.14,93,90,4.63,RU,1668968046
575,caraballeda,10.6112,-66.8522,87.87,76,40,6.91,VE,1668968047
576,abu zabad,12.35,29.25,76.96,18,3,10.11,SD,1668968047
577,killam,52.7834,-111.8518,31.95,59,73,16.11,CA,1668968047
